<?xml version="1.0" encoding="UTF-8" ?>
<!DOCTYPE generatorConfiguration PUBLIC "-//mybatis.org//DTD MyBatis Generator Configuration 1.0//EN" "http://mybatis.org/dtd/mybatis-generator-config_1_0.dtd" >
<generatorConfiguration>
	<!-- 加载数据库的配置文件 -->
	<properties resource="application.properties" />
	<classPathEntry location="lib\mysql-connector-java-5.1.18.jar" />
	<context id="context1" targetRuntime="MyBatis3">
		<commentGenerator>
			<property name="suppressAllComments" value="true" /><!-- 是否取消注释 -->
			<property name="suppressDate" value="false" /> <!-- 是否生成注释代时间戳 -->
		</commentGenerator>

		<!-- jdbc连接 -->
		<jdbcConnection driverClass="com.mysql.jdbc.Driver" connectionURL="${jdbc.product_url}" userId="${jdbc.product_username}" password="${jdbc.product_password}" />
		<!-- 类型转换 -->
		<javaTypeResolver>
			<!-- 是否使用bigDecimal， false可自动转化以下类型（Long, Integer, Short, etc.） -->
			<property name="forceBigDecimals" value="false" />
		</javaTypeResolver>


		<!-- 生成实体类地址 -->
		<javaModelGenerator targetPackage="com.agan.book.user.domain" targetProject="src\main\java">
			<!-- 是否在当前路径下新加一层schema,eg：fase路径com.oop.eksp.user.model， true:com.oop.eksp.user.model.[schemaName] -->
			<property name="enableSubPackages" value="false" />
			<!-- 是否针对string类型的字段在set的时候进行trim调用 -->
			<property name="trimStrings" value="true" />
		</javaModelGenerator>

		<!-- 生成mapxml文件 -->
		<sqlMapGenerator targetPackage="mybatis/com/agan/book/user" targetProject="src\main\resources">
			<!-- 是否在当前路径下新加一层schema,eg：fase路径com.oop.eksp.user.model， true:com.oop.eksp.user.model.[schemaName] -->
			<property name="enableSubPackages" value="false" />
		</sqlMapGenerator>

		<!-- 生成mapxml对应client，也就是接口dao -->
		<javaClientGenerator targetPackage="com.agan.book.user.persistence" targetProject="src\main\java" type="XMLMAPPER">
			<!-- 是否在当前路径下新加一层schema,eg：fase路径com.oop.eksp.user.model， true:com.oop.eksp.user.model.[schemaName] -->
			<property name="enableSubPackages" value="false" />
		</javaClientGenerator>


		<table schema="book-user" tableName="user" domainObjectName="User" 
		enableCountByExample="false" 
		enableDeleteByExample="false" 
		enableSelectByExample="false" 
		enableUpdateByExample="false" />


	</context>
</generatorConfiguration>